{
    "metrics": [
        {
            "accuracy": 0.575,
            "log_loss": 0.7298390518120079,
            "f1_score": 0.6666666666666666
        }
    ]
}